,title,originallink,link,description,pubDate
9,후보 등록하는 <b>김동연</b> 새로운물결 대선 후보,http://www.newsis.com/view/?id=NISI20220213_0018461285,https://news.naver.com/main/read.naver?mode=LSD&mid=sec&sid1=100&oid=003&aid=0010998750,국회사진기자단 = <b>김동연</b> 새로운물결 대선 후보가 제20대 대통령 선거 후보 등록 첫날인 13일 경기도 과천시 중앙선거관리위원회에서 후보등록을 하고 있다. 2022.02.13. photo@newsis.com 공감언론 뉴시스가 독자... ,2022-02-13
10,"<b>김동연</b>, 후보 등록 신청…중도 사퇴 일축",http://www.edaily.co.kr/news/newspath.asp?newsid=01584246632230192,https://news.naver.com/main/read.naver?mode=LSD&mid=sec&sid1=100&oid=018&aid=0005145195,출신인 <b>김동연</b> 새로운물결 대선 후보가 13일 오전 11시 중앙선거관리위원회에서 대통령 후보자 등록 신청서를 제출했다. 항간에 돌고 있는 중도 사퇴나 단일화 가능성을 일축하기 위한 행보로 해석된다. <b>김동연</b>... ,2022-02-13
13,송영길 &quot;함께 잘 해보자&quot; <b>김동연</b> &quot;오늘 후보 등록&quot; 뼈 있는 농 오가,https://www.news1.kr/articles/?4583377,https://news.naver.com/main/read.naver?mode=LSD&mid=sec&sid1=100&oid=421&aid=0005902236,송영길 더불어민주당 대표와 <b>김동연</b> 새로운물결 대선 후보가 제20대 대통령선거 공식 후보 등록 첫날인 13일 연대론과 관련해 뼈 있는 농담을 나눴다. 송 대표는 이날 오후 신촌세브란스병원에 차려진 부친상 빈소에 <b>김동연</b>... ,2022-02-13
14,후보 등록하는 <b>김동연</b> 새로운물결 대선 후보,http://www.newsis.com/view/?id=NISI20220213_0018461519,https://news.naver.com/main/read.naver?mode=LSD&mid=sec&sid1=100&oid=003&aid=0010998843,국회사진기자단 = <b>김동연</b> 새로운물결 대선 후보가 제20대 대통령 선거 후보 등록 첫날인 13일 경기도 과천시 중앙선거관리위원회에서 후보등록을 하고 있다. 2022.02.13. photo@newsis.com 공감언론 뉴시스가 독자... ,2022-02-13
16,<b>김동연</b> 새로운물결 대선 후보 후보 등록,http://www.newsis.com/view/?id=NISI20220213_0018461518,https://news.naver.com/main/read.naver?mode=LSD&mid=sec&sid1=100&oid=003&aid=0010998845,국회사진기자단 = <b>김동연</b> 새로운물결 대선 후보가 제20대 대통령 선거 후보 등록 첫날인 13일 경기도 과천시 중앙선거관리위원회에서 후보등록을 하고 있다. 2022.02.13. photo@newsis.com 공감언론 뉴시스가 독자... ,2022-02-13
17,<b>김동연</b> 새로운물결 대선 후보 후보 등록,http://www.newsis.com/view/?id=NISI20220213_0018461286,https://news.naver.com/main/read.naver?mode=LSD&mid=sec&sid1=100&oid=003&aid=0010998753,국회사진기자단 = <b>김동연</b> 새로운물결 대선 후보가 제20대 대통령 선거 후보 등록 첫날인 13일 경기도 과천시 중앙선거관리위원회에서 후보등록을 하고 있다. 2022.02.13. photo@newsis.com 공감언론 뉴시스가 독자... ,2022-02-13
18,후보 등록하는 <b>김동연</b> 새로운물결 대선 후보,http://www.newsis.com/view/?id=NISI20220213_0018461517,https://news.naver.com/main/read.naver?mode=LSD&mid=sec&sid1=100&oid=003&aid=0010998844,국회사진기자단 = <b>김동연</b> 새로운물결 대선 후보가 제20대 대통령 선거 후보 등록 첫날인 13일 경기도 과천시 중앙선거관리위원회에서 후보등록을 하고 있다. 2022.02.13. photo@newsis.com 공감언론 뉴시스가 독자... ,2022-02-13
19,대선 후보 등록한 <b>김동연</b> &quot;돈도 조직도 없지만 투지 불사를 것&quot;,https://www.hankyung.com/politics/article/202202130413i,https://news.naver.com/main/read.naver?mode=LSD&mid=sec&sid1=100&oid=015&aid=0004663106,<b>김동연</b> 새로운물결 대선 후보는 13일 중앙선거관리위원회에 대선 후보로 공식 등록한 뒤 “기득권의 나라를 깨서 ‘기회의 나라’를 만들겠다”고 말했다. 김 후보는 이날 자신의 SNS에 후보 등록 소감을 남기면서 “지금의... ,2022-02-13
21,"[포토]<b>김동연</b>, '대선 출마 후보자 등록'",http://www.edaily.co.kr/news/newspath.asp?newsid=01712166632230192,https://news.naver.com/main/read.naver?mode=LSD&mid=sec&sid1=100&oid=018&aid=0005145239,<b>김동연</b> 새로운물결 대선후보가 13일 중앙선거관리위원에서 제20대 대통령 선거 출마를 위한 후보자 등록을 하고 있다.,2022-02-13
22,<b>김동연</b> &quot;기회가 강물처럼 흐르는 나라&quot;,http://www.gukjenews.com/news/articleView.html?idxno=2407388,http://www.gukjenews.com/news/articleView.html?idxno=2407388,<b>김동연</b> 새로운물결 대통령 후보가 13일 중앙선거관리위원회에 제20대 대통령선거 후보자 등록신청서를 제출하고 있다./사진=이용우 기자 <b>김동연</b> 새로운물결 대통령 후보는 &quot;나라를 기회의 나라로 반드시 만들겠다&quot;며... ,2022-02-13
24,"<b>김동연</b> '새로운물결', 종로에 송문희 대변인 전략공천한다",http://www.fnnews.com/news/202202111620380102,https://news.naver.com/main/read.naver?mode=LSD&mid=sec&sid1=100&oid=014&aid=0004786676,<b>김동연</b> 대선후보가 이끄는 새로운물결이 오늘 3월 9일에 대통령선거와 함께 열리는 서울 종로구 국회의원... <b>김동연</b> 캠프 대변인으로 합류한 후에는 정치개혁을 전면에 내건 김 후보의 대변인으로 활동하고 있다. 송... ,2022-02-11
25,"여야 대선후보들, 공식 등록 마쳐…대체로 '대신' 등록",http://news.tf.co.kr/read/ptoday/1918303.htm,https://news.naver.com/main/read.naver?mode=LSD&mid=sec&sid1=100&oid=629&aid=0000132360,대리인 '상징성' 주목…<b>김동연</b> 후보만 직접 방문 여야 대선후보들이 제20대 대통령 선거 후보자 등록 첫날인 13일 중앙선관위원회 후보 공식 등록을 마쳤다. <b>김동연</b> 새로운물결 대선 후보를 제외하고는 모두 '대리 등록'을... ,2022-02-13
26,<b>김동연</b> &quot;정치공학 단일화 없다..군공항 이전 적극 관여해야&quot;,http://ikbc.co.kr/kor/news?mode=view&nwCd=main_news_02&menuId=56_65_73&nwid=377999,https://news.naver.com/main/read.naver?mode=LSD&mid=sec&sid1=100&oid=660&aid=0000001870,<b>김동연</b> 새로운물결 대선 후보가 KBC광주방송에 출연해 정치 공학 차원의 단일화나 연대는 없다며 완주 의지를... 새로운물결의 <b>김동연</b> 대선 후보. 여의도 KBC 서울광역방송센터에서 진행된 대담에서 지지율 정체 속에 중도... ,2022-02-12
29,송영길 &quot;같이 하자&quot; <b>김동연</b> &quot;후보 등록&quot;…입장 차 재확인,https://news.sbs.co.kr/news/endPage.do?news_id=N1006639225&plink=ORI&cooper=NAVER,https://news.naver.com/main/read.naver?mode=LSD&mid=sec&sid1=100&oid=055&aid=0000953436,민주당 송영길 대표와 새로운물결 <b>김동연</b> 대선 후보가 후보 등록 첫날인 오늘(13일) 연대론과 관련해 서로의 입장 차를 다시 확인했습니다. 김 후보는 오늘 오후 서울 신촌세브란스병원에 차려진 송 대표의 부친상 빈소를... ,2022-02-13
30,송영길 단일화 러브콜 계속 보내는데…<b>김동연</b> &quot;생각 변화 없다&quot;,http://mbn.mk.co.kr/pages/news/newsView.php?category=mbn00006&news_seq_no=4698024,https://news.naver.com/main/read.naver?mode=LSD&mid=sec&sid1=100&oid=057&aid=0001641717,송영길 더불어민주당 대표가 꾸준히 러브콜을 보내고 있지만 <b>김동연</b> 새로운물결 대선 후보는 &quot;국정운영 철학을 공유하는 후보가 없다&quot;며 대선 완주 의지를 재차 강조했습니다. <b>김동연</b> &quot;대선 후보자 등록 생각 변화 없어... ,2022-02-11
31,"<b>김동연</b>, 대선 후보 등록",https://www.dailian.co.kr/news/view/1082529/?sc=Naver,https://news.naver.com/main/read.naver?mode=LSD&mid=sec&sid1=100&oid=119&aid=0002575228,<b>김동연</b> 새로운물결 대선후보가 13일 중앙선거관리위원에서 제20대 대통령 선거 출마를 위한 후보자 등록을 하고 있다.,2022-02-13
32,"<b>김동연</b>, 제20대 대선후보 등록",https://www.news1.kr/photos/view/?5214728,https://news.naver.com/main/read.naver?mode=LSD&mid=sec&sid1=100&oid=421&aid=0005901398,국회사진취재단 = <b>김동연</b> 새로운물결 대선후보가 13일 중앙선거관리위원에서 제20대 대통령 선거 출마를 위한 후보자 등록을 하고 있다. 2022.2.13/뉴스1,2022-02-13
33,<b>김동연</b> &quot;단일화? 국정운영 철학 공유하는 후보 없어&quot;,http://www.edaily.co.kr/news/newspath.asp?newsid=02768326632229536,https://news.naver.com/main/read.naver?mode=LSD&mid=sec&sid1=100&oid=018&aid=0005144612,<b>김동연</b> 새로운물결 대선 후보가 11일 단일화 없이 대선을 완주할 의지를 다시금 강조했다. 현 대선 후보들 가운데 자신이 추구하는 가치 및 철학을 공유하는 후보가 없다는 이유에서다. <b>김동연</b> 새로운물결 대선 후보가 11일... ,2022-02-11
34,대선 후보 등록하는 <b>김동연</b> 새로운물결 후보,http://www.newspim.com/news/view/20220213000118,http://www.newspim.com/news/view/20220213000118,국회사진취재단 = 제20대 대통령 선거 후보 등록 첫날인 13일 오전 경기 과천시 중앙선거관리위원회에서 <b>김동연</b> 새로운물결 대선 후보가 후보 등록을 하고 있다. 2022.02.13,2022-02-13
35,"<b>김동연</b>, 대선후보 등록 완료",https://www.news1.kr/photos/view/?5214682,https://news.naver.com/main/read.naver?mode=LSD&mid=sec&sid1=100&oid=421&aid=0005901341,국회사진취재단 = 대통령 선거 후보자 등록 첫 날인 13일 과천시 중앙선거관리위원회에서 <b>김동연</b> 새로운물결 대선 후보가 후보 등록을 하고 있다. 2022.2.13/뉴스1,2022-02-13
36,대선후보 등록 서류 내는 <b>김동연</b>,https://www.news1.kr/photos/view/?5214729,https://news.naver.com/main/read.naver?mode=LSD&mid=sec&sid1=100&oid=421&aid=0005901397,국회사진취재단 = <b>김동연</b> 새로운물결 대선후보가 13일 중앙선거관리위원에서 제20대 대통령 선거 출마를 위한 후보자 등록을 하고 있다. 2022.2.13/뉴스1,2022-02-13
38,송영길 &quot;<b>김동연</b>과 단일화 열려 있어…安 비전 잘 흡수하겠단 자세&quot;,http://www.newsis.com/view/?id=NISX20220211_0001755477&cID=10301&pID=10300,https://news.naver.com/main/read.naver?mode=LSD&mid=sec&sid1=100&oid=003&aid=0010995993,"기사내용 요약&quot;<b>김동연</b> 지향하는게 이재명과 공통점…의견 수렴&quot; &quot;安·尹 단일화할 수 있나…저흰 어젠다 흡수할 것&quot; 송영길 더불어민주당 대표는 11일 <b>김동연</b> 새로운물결 대선 후보와의 단일화와 관련, &quot;(이재명·<b>김동연</b>) 두... ",2022-02-11
39,"李·尹·安·沈·金, 13일 후보 공식 등록…단일화 변수",http://www.newsis.com/view/?id=NISX20220212_0001756653&cID=10301&pID=10300,https://news.naver.com/main/read.naver?mode=LSD&mid=sec&sid1=100&oid=003&aid=0010998270,"기사내용 요약안철수·<b>김동연</b>, 여야 단일화 러브콜에도 후보 등록 이재우 홍연우 최서진 기자 = 제20대... 이재명 더불어민주당 후보와 윤석열 국민의힘 후보, 안철수 국민의당 후보, 심상정 정의당 후보, <b>김동연</b>... ",2022-02-13
40,후보 등록하는 새로운물결 <b>김동연</b> 후보,http://yna.kr/PYH20220213061500013?did=1196m,https://news.naver.com/main/read.naver?mode=LSD&mid=sec&sid1=100&oid=001&aid=0012980439,제20대 대통령 선거 후보 등록 첫날인 13일 경기도 과천시 중앙선거관리위원회에서 새로운물결 <b>김동연</b> 후보가 후보 등록 관련 서류를 제출하고 있다. 2022.2.13 [국회사진기자단],2022-02-13
41,후보 등록하는 새로운물결 <b>김동연</b> 후보,http://yna.kr/PYH20220213061600013?did=1196m,https://news.naver.com/main/read.naver?mode=LSD&mid=sec&sid1=100&oid=001&aid=0012980440,제20대 대통령 선거 후보 등록 첫날인 13일 경기도 과천시 중앙선거관리위원회에서 새로운물결 <b>김동연</b> 후보가 후보 등록 관련 서류를 제출하고 있다. 2022.2.13 [국회사진기자단],2022-02-13
42,[포토]'대선 출마 후보자 등록하는 <b>김동연</b>',http://www.edaily.co.kr/news/newspath.asp?newsid=01715446632230192,https://news.naver.com/main/read.naver?mode=LSD&mid=sec&sid1=100&oid=018&aid=0005145240,<b>김동연</b> 새로운물결 대선후보가 13일 중앙선거관리위원에서 제20대 대통령 선거 출마를 위한 후보자 등록을 하고 있다.,2022-02-13
43,대선후보 등록하는 <b>김동연</b>,https://www.news1.kr/photos/view/?5214683,https://news.naver.com/main/read.naver?mode=LSD&mid=sec&sid1=100&oid=421&aid=0005901342,국회사진취재단 = 대통령 선거 후보자 등록 첫 날인 13일 과천시 중앙선거관리위원회에서 <b>김동연</b> 새로운물결 대선 후보가 후보 등록을 하고 있다. 2022.2.13/뉴스1,2022-02-13
44,후보 등록하는 새로운물결 <b>김동연</b> 후보,http://yna.kr/PYH20220213061700013?did=1196m,https://news.naver.com/main/read.naver?mode=LSD&mid=sec&sid1=100&oid=001&aid=0012980441,제20대 대통령 선거 후보 등록 첫날인 13일 경기도 과천시 중앙선거관리위원회에서 새로운물결 <b>김동연</b> 후보가 후보 등록 관련 서류를 제출하고 있다. 2022.2.13 [국회사진기자단],2022-02-13
45,"고냐 스톱이냐…<b>김동연</b>, 선택의 기로에서 일단은 '고'",http://www.edaily.co.kr/news/newspath.asp?newsid=01784326632229208,https://news.naver.com/main/read.naver?mode=LSD&mid=sec&sid1=100&oid=018&aid=0005143180,<b>김동연</b> 새로운물결 대선 후보가 완주 의지를 다시금 내비쳤다. 단일화냐 완주냐를 놓고 저울질하는 것 아니냐는 의문이 제기되자 “후보자 등록 신청을 준비 중”이라고 밝히면서다. <b>김동연</b> 새로운물결 대선 후보.(사진... ,2022-02-10
46,후보 등록하는 새로운물결 <b>김동연</b> 후보,http://yna.kr/PYH20220213051700013?did=1196m,https://news.naver.com/main/read.naver?mode=LSD&mid=sec&sid1=100&oid=001&aid=0012980329,제20대 대통령 선거 후보 등록 첫날인 13일 경기도 과천시 중앙선거관리위원회에서 새로운물결 <b>김동연</b> 후보가 후보 등록 관련 서류를 제출하고 있다. 2022.2.13 [국회사진기자단],2022-02-13
47,후보 등록하는 새로운물결 <b>김동연</b> 후보,http://yna.kr/PYH20220213051900013?did=1196m,https://news.naver.com/main/read.naver?mode=LSD&mid=sec&sid1=100&oid=001&aid=0012980331,제20대 대통령 선거 후보 등록 첫날인 13일 경기도 과천시 중앙선거관리위원회에서 새로운물결 <b>김동연</b> 후보가 후보 등록 관련 서류를 제출하고 있다. 2022.2.13 [국회사진기자단],2022-02-13
49,대선후보 등록 마친 <b>김동연</b>,https://www.news1.kr/photos/view/?5214732,https://news.naver.com/main/read.naver?mode=LSD&mid=sec&sid1=100&oid=421&aid=0005901404,국회사진취재단 = <b>김동연</b> 새로운물결 대선후보가 13일 중앙선거관리위원에서 제20대 대통령 선거 출마를 위한 후보자 등록을 하고 있다. 2022.2.13/뉴스1,2022-02-13
50,대선 후보 등록하는 <b>김동연</b>,https://www.dailian.co.kr/news/view/1082531/?sc=Naver,https://news.naver.com/main/read.naver?mode=LSD&mid=sec&sid1=100&oid=119&aid=0002575230,대통령 선거 후보자 등록 첫 날인 13일 과천시 중앙선거관리위원회에서 <b>김동연</b> 새로운물결 대선 후보가 후보 등록을 하고 있다.,2022-02-13
53,대선 후보자 등록하는 <b>김동연</b> 후보,http://www.newspim.com/news/view/20220213000119,http://www.newspim.com/news/view/20220213000119,국회사진취재단 = 제20대 대통령 선거 후보 등록 첫날인 13일 오전 경기 과천시 중앙선거관리위원회에서 <b>김동연</b> 새로운물결 대선 후보가 후보 등록을 하고 있다. 2022.02.13,2022-02-13
54,[단독] '사퇴냐 완주냐' 기로에 놓인 <b>김동연</b>… 후보단일화 촉매제되나,https://view.asiae.co.kr/article/2022021011402934630,https://news.naver.com/main/read.naver?mode=LSD&mid=sec&sid1=100&oid=277&aid=0005042374,<b>김동연</b> 새로운물결 대선후보가 ‘대선 완주’와 ‘사퇴’의 기로에서 결단을 앞두고 있다. 그가 대선 완주 의지를 강하게 피력해온 만큼 현실적인 문제를 고려할 경우 후보 사퇴를 할 가능성도 높은 상황이다. 새로운물결... ,2022-02-10
55,직접 대선 후보 등록하는 <b>김동연</b>,https://www.dailian.co.kr/news/view/1082530/?sc=Naver,https://news.naver.com/main/read.naver?mode=LSD&mid=sec&sid1=100&oid=119&aid=0002575229,대통령 선거 후보자 등록 첫 날인 13일 과천시 중앙선거관리위원회에서 <b>김동연</b> 새로운물결 대선 후보가 후보 등록을 하고 있다.,2022-02-13
56,"'野단일화 블랙홀'에 빠질라…與, 속끓이며 안철수·<b>김동연</b> 손짓",http://yna.kr/AKR20220208085700001?did=1195m,https://news.naver.com/main/read.naver?mode=LSD&mid=sec&sid1=100&oid=001&aid=0012966581,尹-安 단일화에 견제구 던지며 통합정부 '구애'…<b>김동연</b>에도 '러브콜' 홍지인 정아란 기자 = 더불어민주당... 이와 함께 이 후보 측은 새로운물결 <b>김동연</b> 후보와의 결합 가능성에도 여전히 무게를 두고 있다. 이 후보 측은... ,2022-02-08
57,"<b>김동연</b>, 암참 회장에게 &quot;美기업 투자 위해 반드시 노동유연성 확보&quot;",https://view.asiae.co.kr/article/2022021109581563419,https://news.naver.com/main/read.naver?mode=LSD&mid=sec&sid1=101&oid=277&aid=0005042921,<b>김동연</b> 새로운물결 대통령 선거 후보는 11일 &quot;진보와 보수 서로의 금기를 깨는 사회적 대타협을 통해 반드시 한국경제에 노동안정성을 확보하겠다&quot;고 말했다. 노동유연성 문제를 해결하지 않고는 주한미국기업의 한국... ,2022-02-11
58,<b>김동연</b> &quot;금기 깨는 사회적 대타협으로 노동 안정성 확보할 것&quot;,http://yna.kr/AKR20220211054900003?did=1195m,https://news.naver.com/main/read.naver?mode=LSD&mid=sec&sid1=101&oid=001&aid=0012976192,새로운물결 <b>김동연</b> 대선 후보는 11일 &quot;서로의 금기를 깨는 사회적 대타협을 통해 반드시 한국경제에 노동 안정성을 확보하겠다&quot;고 말했다. 김 후보는 이날 서울 여의도 서울국제금융센터에서 열린 주한미국상공회의소... ,2022-02-11
59,"여·야 주요 후보 5명, 대선 후보 등록 첫날 일제히 등록",http://www.jbnews.com/news/articleView.html?idxno=1354867,http://www.jbnews.com/news/articleView.html?idxno=1354867,"이재명·윤석열·심상정·안철수 모두 대리인 통해… <b>김동연</b>, 배우자와 함께 방문 등록 〔중부매일 김홍민... 음성출신 <b>김동연</b> 새로운물결 후보는 오전 11시에 아내 정우영 씨와 함께 직접 선관위를 찾아 후보 등록을... ",2022-02-13
60,[포토] 20대 대선 후보 등록하는 <b>김동연</b>,https://www.asiatoday.co.kr/view.php?key=20220213010005990,https://www.asiatoday.co.kr/view.php?key=20220213010005990,제20대 대통령 후보자 등록 첫날인 13일 경기도 과천시 중앙선거관리위원회에서 <b>김동연</b> 새로운물결 대선 후보가 후보 등록을 하고 있다. 이병화,2022-02-13
61,"단일화 정국, 첫 타자가 <b>김동연</b>?",https://view.asiae.co.kr/article/2022021010433890291,https://news.naver.com/main/read.naver?mode=LSD&mid=sec&sid1=100&oid=277&aid=0005042357,<b>김동연</b> 새로운물결 대선후보가 '대선 완주'와 '사퇴'의 기로에서 결단을 앞두고 있는 것으로 전해졌다. 현실적인 어려움에 직면한 그가 이재명 더불어민주당 대선후보와의 '단일화 카드'를 꺼내들 수 있다는 점에서 단일화... ,2022-02-10
62,대선후보 등록하는 새로운물결 <b>김동연</b> 후보,https://www.nocutnews.co.kr/news/5706055,https://news.naver.com/main/read.naver?mode=LSD&mid=sec&sid1=100&oid=079&aid=0003608347,제20대 대통령 선거 후보자 등록 첫날인 13일 경기도 과천시 중앙선거관리위원회에서 <b>김동연</b> 새로운물결 대선 후보가 후보 등록을 하고 있다. ※CBS노컷뉴스는 여러분의 제보로 함께 세상을 바꿉니다. 각종 비리와... ,2022-02-13
63,[포토] 새로운물결 <b>김동연</b> 후보 '제20대 대선 후보 등록',https://www.asiatoday.co.kr/view.php?key=20220213010005992,https://www.asiatoday.co.kr/view.php?key=20220213010005992,제20대 대통령 후보자 등록 첫날인 13일 경기도 과천시 중앙선거관리위원회에서 <b>김동연</b> 새로운물결 대선 후보가 후보 등록을 하고 있다. 이병화,2022-02-13
66,"<b>김동연</b>, 중앙선관위에 대선후보 등록",https://www.nocutnews.co.kr/news/5706054,https://news.naver.com/main/read.naver?mode=LSD&mid=sec&sid1=100&oid=079&aid=0003608348,제20대 대통령 선거 후보자 등록 첫날인 13일 경기도 과천시 중앙선거관리위원회에서 <b>김동연</b> 새로운물결 대선 후보가 후보 등록을 하고 있다. ※CBS노컷뉴스는 여러분의 제보로 함께 세상을 바꿉니다. 각종 비리와... ,2022-02-13
68,김영종에 곽노현도 출마 움직임…'종로 무공천' 민주당 당혹,https://www.joongang.co.kr/article/25047821,https://news.naver.com/main/read.naver?mode=LSD&mid=sec&sid1=100&oid=025&aid=0003173149,곽노현 “개혁진영 대의 담는 그릇으로 헌신” 곽 전 교육감은 이어 “나는 여기서 <b>김동연</b> (새로운물결)... <b>김동연</b> 후보가 종로에 출마하지 않으면 자신이 출마하겠단 얘기다. 곽 전 교육감은 같은 날 한 매체와의... ,2022-02-13
70,<b>김동연</b> &quot;친환경 선거운동 할 것&quot; 대선 완주 의지 피력,http://www.edaily.co.kr/news/newspath.asp?newsid=04040966632228880,https://news.naver.com/main/read.naver?mode=LSD&mid=sec&sid1=100&oid=018&aid=0005142884,<b>김동연</b> 새로운물결 대선 후보가 9일 “선거에 사용하는 각종 홍보물과 물품을 절약해 최소쓰레기(minimum waste)와 친환경 선거운동을 해보겠다”며 대선 완주 의지를 피력했다. <b>김동연</b> 새로운물결 후보가 지난 7일... ,2022-02-09
72,"종로 보궐선거, <b>김동연</b> vs 안철수 혹은 유승민?",https://shindonga.donga.com/3/all/13/3194626/1,https://news.naver.com/main/read.naver?mode=LSD&mid=sec&sid1=100&oid=262&aid=0000015189,그래서 주목받는 인물이 <b>김동연</b> 새로운물결 대선후보다. 문재인 정부 초대 경제부총리 겸 기획재정부 장관을... <b>김동연</b> 후보의 경우 민주당과의 정책 연대 혹은 대선후보 단일화 가능성에 대해 “(민주당과) 물밑 접촉은... ,2022-02-10
74,[포토] <b>김동연</b> 새로운물결 대선 후보 '중앙선관위 후보 등록',https://www.asiatoday.co.kr/view.php?key=20220213010005988,https://www.asiatoday.co.kr/view.php?key=20220213010005988,제20대 대통령 후보자 등록 첫날인 13일 경기도 과천시 중앙선거관리위원회에서 <b>김동연</b> 새로운물결 대선 후보가 후보 등록을 하고 있다. 이병화,2022-02-13
76,"[단독] <b>김동연</b> &quot;삼성 방문하려는데, 靑 전화와 '가지 마세요'&quot;",https://www.joongang.co.kr/article/25047175,https://news.naver.com/main/read.naver?mode=LSD&mid=sec&sid1=100&oid=025&aid=0003172585,<b>김동연</b> 새로운물결 대선 후보는 9일 &quot;이재명·윤석열 대선 후보 측에서 서로 단일화를 요청하고 있지만... '이재명은 윤석열 뿐 아니라 <b>김동연</b>과도 자료 없이 토론한다'는 메시지를 내려는 의도로 보인다. 그런 식으로 나를... ,2022-02-10
77,"'안철수-<b>김동연</b>'에 러브콜 보내는 송영길 &quot;30%대 대통령, 정당성 취약&quot;",https://www.sedaily.com/NewsView/2623LGXFFL,https://news.naver.com/main/read.naver?mode=LSD&mid=sec&sid1=100&oid=011&aid=0004017677,"송 대표는 이 후보와 <b>김동연</b> 새로운물결 후보와의 단일화와 관련해서는 &quot;<b>김동연</b> 후보도 지적했지만, 정당 기반 없이 대선을 치르기는 쉽지 않다. 잘못하면 집안이 파산한다&quot;며 &quot;안 후보는 주식이나 재산이 있다지만 김... ",2022-02-11
79,[포토] 중앙선관위 대선 후보 등록하는 <b>김동연</b> 새로운물결 후보,https://www.asiatoday.co.kr/view.php?key=20220213010005989,https://www.asiatoday.co.kr/view.php?key=20220213010005989,제20대 대통령 후보자 등록 첫날인 13일 경기도 과천시 중앙선거관리위원회에서 <b>김동연</b> 새로운물결 대선 후보가 후보 등록을 하고 있다. 이병화,2022-02-13
87,"<b>김동연</b>, 대선 조용하고 투명한 선거운동",http://www.gukjenews.com/news/articleView.html?idxno=2404923,http://www.gukjenews.com/news/articleView.html?idxno=2404923,<b>김동연</b> 새로운물결 대통령 후보/국제뉴스DB <b>김동연</b> 새로운물결 대통령 후보가 대선 법정 선거비용 한도는 513억 900만 원이지만 선거법에 따라 모은 후원금 범위 내에서 투명하고 깨끗하게 선거를 치를겠다&quot;고 밝혔다.... ,2022-02-09
91,"李, 안철수·<b>김동연</b> 연대문제에 &quot;힘 모아야 위기극복&quot;",https://www.ytn.co.kr/_ln/0101_202202081714324339,https://news.naver.com/main/read.naver?mode=LSD&mid=sec&sid1=100&oid=052&aid=0001699281,"더불어민주당 이재명 대선 후보는 국민의당 안철수, 새로운물결 <b>김동연</b> 후보와 연대하는 문제와 관련해 정치에서도 통합 정신이 필요하고 좋은 인재와 정책이라면 진영을 가리지 않고 총동원해야 위기에 파고를 넘을 수... ",2022-02-08
92,안철수·<b>김동연</b>이 완주?…송영길 &quot;잘못하면 집안 파산&quot;,https://www.newdaily.co.kr/site/data/html/2022/02/11/2022021100146.html,https://www.newdaily.co.kr/site/data/html/2022/02/11/2022021100146.html,대통령후보와 <b>김동연</b> 새로운물결 대통령후보의 대선 완주 의지를 두고 선거비용 때문에 완주가 어려울 것이라는 전망을 내놨다. 송 대표가 이재명 민주당 대통령후보와 안철수·<b>김동연</b> 후보의 단일화 가능성이 열려... ,2022-02-11
97,"이재명, 안철수·<b>김동연</b>과 연대문제에 &quot;위기극복 위해 힘모아야&quot;",http://yna.kr/AKR20220208136800001?did=1195m,https://news.naver.com/main/read.naver?mode=LSD&mid=sec&sid1=100&oid=001&aid=0012967857,"새로운물결 <b>김동연</b> 후보와의 연대 문제와 관련해 &quot;정치에서도 통합 정신이 필요하고, 좋은 인재와 정책이라면... 안철수·<b>김동연</b> 후보와 힘을 합쳐야 하는 것 아니냐는 지적이 나온다'는 질문에 &quot;온 나라가 위기 상황이고... ",2022-02-08
98,[단독] <b>김동연</b> &quot;與 단일화? 생각 없다…이미 공보물도 제작&quot;,http://www.newspim.com/news/view/20220210001499,http://www.newspim.com/news/view/20220210001499,<b>김동연</b> 새로운물결 대선후보가 10일 &quot;단 한 번도 중도포기를 생각한 적 없다&quot;고 대선 레이스 완주 의지를 못... <b>김동연</b> 새로운물결 대선 후보가 지난 7일 서울 여의도 국회 의원회관에서 열린 '대선후보초청 정치개혁 및... ,2022-02-11
99,"송영길 &quot;30%대 대통령, 정당성 취약&quot;…安心에 계속 러브콜",http://yna.kr/AKR20220211048500001?did=1195m,https://news.naver.com/main/read.naver?mode=LSD&mid=sec&sid1=100&oid=001&aid=0012976233,"&quot;尹과 단일화, 安 최소한의 자존심 버리는 것…<b>김동연</b>, 잘못하면 집안 파산&quot; &quot;문대통령 직접 입장문 썼다고 해... 송 대표는 또 이 후보와 새로운물결 <b>김동연</b> 후보와의 단일화와 관련해서는 &quot;<b>김동연</b> 후보도 지적했지만, 정당... ",2022-02-11
3,"<b>김동연</b> 아내 정우영, 북한이탈청소년 공부방 방문",http://www.edaily.co.kr/news/newspath.asp?newsid=02433766632229536,https://news.naver.com/main/read.naver?mode=LSD&mid=sec&sid1=100&oid=018&aid=0005144499,새로운물결은 11일 <b>김동연</b> 대선 후보의 아내 정우영씨가 북한이탈청소년들을 만나 격려했다고 밝혔다. 정씨는 지난 10일 오전 서울 강남구 일원동에 위치한 ‘사단법인 큰샘’ 공부방을 방문했다. 사단법인 큰샘은 2012년... ,2022-02-11
4,"안철수·<b>김동연</b>, 여야 러브콜에 몸살…&quot;후보 등록할 것&quot;",http://www.upinews.kr/newsView/upi202202110064,http://www.upinews.kr/newsView/upi202202110064,"▲ 국민의당 안철수(오른쪽), 새로운물결 <b>김동연</b> 대선 후보가 지난해 12월 13일 서울 여의도 국회에서 열린... 동시에 새로운물결 <b>김동연</b> 후보에게도 러브콜을 보내고 있다. 송영길 대표는 YTN 라디오 '황보선의 출발 새아침... ",2022-02-11
36,"하차 고민하던 <b>김동연</b>, 후보 등록키로",http://www.newstomato.com/ReadNews.aspx?no=1105333&inflow=N,http://www.newstomato.com/ReadNews.aspx?no=1105333&inflow=N,뉴스토마토 = 김광연 기자 | <b>김동연</b> 새로운물결 후보가 2일 서울 양천구 CBS사옥에서 열린 양자 정책토론회에 앞서 인사를 하고 있다. 사진/뉴시스 대선 중도 하차를 깊게 고민했던 <b>김동연</b> 새로운물결 후보가 10일 후보... ,2022-02-10
37,"부모에게 조언 건넨 <b>김동연</b> 후보, “명문대 진학보다 도전의식 키워야”",http://edu.chosun.com/site/data/html_dir/2022/02/09/2022020900956.html,http://edu.chosun.com/site/data/html_dir/2022/02/09/2022020900956.html,교육전문 유튜브 채널 ‘교육대기자TV’가 대선특집으로 안철수 국민의당 대선후보에 이어 <b>김동연</b> 새로운물결 대선후보를 인터뷰했다. 전(前) 아주대학교 총장이었던 김 후보에게 교육의 방향성과 올바른 입시제도에 대한... ,2022-02-09
38,"[관가뒷담] <b>김동연</b>엔 호의, 홍남기엔 대립각… 與 정반대 태도에 씁쓸한 기재...",http://news.kmib.co.kr/article/view.asp?arcid=0924230682&code=11151100&cp=nv,https://news.naver.com/main/read.naver?mode=LSD&mid=sec&sid1=101&oid=005&aid=0001504028,"<b>김동연</b> 새로운물결 대선 후보는 부동산·최저임금 정책 등 현 정부 경제정책을 비판하고, 부총리 재직 시절 비화도 적극적으로 털어놓는 등 본인 마케팅에 한창이다. 홍남기 부총리 겸 기획재정부 장관은 현 정부 경제정책... ",2022-02-09
58,"(단독)&quot;<b>김동연</b>, 대선 중도하차로 마음 기울었다&quot;",http://www.newstomato.com/ReadNews.aspx?no=1105150&inflow=N,http://www.newstomato.com/ReadNews.aspx?no=1105150&inflow=N,뉴스토마토 = 김광연 기자 | <b>김동연</b> 새로운물결 후보가 지난 7일 서울 여의도 국회 의원회관에서 열린... 사진/뉴시스 정권교체가 아닌 정치교체를 주장하며 아래로부터의 반란을 꿈꿨던 <b>김동연</b> 새로운물결 후보가 끝내... ,2022-02-10
59,여권서도 단일화 목소리… <b>김동연</b> 1순위 거론속 “安과도 시도해야” 주장도,https://www.donga.com/news/article/all/20220208/111637185/1,https://news.naver.com/main/read.naver?mode=LSD&mid=sec&sid1=100&oid=020&aid=0003409651,여권 내에서는 외연 확장을 위해 새로운물결 <b>김동연</b> 대선 후보뿐 아니라 나아가 국민의당 안철수 대선 후보와도 단일화를 시도해야 한다는 목소리도 커지고 있다. 여권 관계자는 7일 “최근 민주당 내에서 후보 단일화를... ,2022-02-08
61,"곽노현, 서울 종로 출마 검토 &quot;최재형에 맞설 후보 보이지 않아&quot;",http://www.mediatoday.co.kr/news/articleView.html?idxno=302287,https://news.naver.com/main/read.naver?mode=LSD&mid=sec&sid1=100&oid=006&aid=0000111773,<b>김동연</b> 새로운물결(새물결) 대선후보가 이재명 더불어민주당 대선 후보 지지를 선언하고 이 후보의 러닝메이트로 종로 재보궐 선거에 참여할 것을 요청했다. <b>김동연</b> 후보가 이를 받아들이지 않으면 이 때 자신이... ,2022-02-11
62,"[관가뒷담] <b>김동연</b>과 홍남기, 여당의 ‘엉뚱한’ 피아구분에 씁쓸한 기재부",http://news.kmib.co.kr/article/view.asp?arcid=0016743324&code=61141111&cp=nv,https://news.naver.com/main/read.naver?mode=LSD&mid=sec&sid1=101&oid=005&aid=0001503773,"<b>김동연</b> 새로운물결 대선 후보는 부동산·최저임금 정책 등 현 정부 경제정책을 비판하고, 부총리 재직 시절 비화도 적극적으로 털어놓는 등 본인 마케팅에 한창이다. 홍남기 부총리 겸 기획재정부 장관은 현 정부 경제정책... ",2022-02-08
64,[대선 한달 전]③심상정·안철수·<b>김동연</b>…차별화 집중하는 제3지대,http://www.inews24.com/view/1449270,https://news.naver.com/main/read.naver?mode=LSD&mid=sec&sid1=100&oid=031&aid=0000652317,안철수(국민의당)·심상정(정의당)·<b>김동연</b>(새로운물결) 등 제3지대 대선후보들 역시 대선을 한 달 앞둔... ◆혁신·전문성 앞세우는 <b>김동연</b>…&quot;차별화된 공약으로 청년 눈길 끌 것&quot; 문재인 정부의 경제부총리를 지낸 <b>김동연</b>... ,2022-02-08
66,[출발] 송영길 &quot;적폐청산? 문재인 정부 권력의 핵심은 尹...수사는 적폐가족부...,https://www.ytn.co.kr/_ln/0101_202202111005056783,https://news.naver.com/main/read.naver?mode=LSD&mid=sec&sid1=100&oid=052&aid=0001700566,<b>김동연</b> 후보와의 단일화 <b>김동연</b> 후보 측은 그들의 희망사항일 뿐이다. 이런 얘기는 하는데 완주한다고 하는데 이건 어떻게 진행됩니까. ◆ 송영길: 두 분이 아마 계속 고민을 하실 거라고 보여집니다. <b>김동연</b> 후보께서도... ,2022-02-11
76,분주한 '제3지대'…심상정·<b>김동연</b> &quot;현 대통령제 바꾸자&quot;,https://news.jtbc.joins.com/article/article.aspx?news_id=NB12045955,https://news.naver.com/main/read.naver?mode=LSD&mid=sec&sid1=100&oid=437&aid=0000288994,"생각하고요.] [<b>김동연</b>/새로운물결 대선후보 (어제) : 대한민국 역사상 모든 대통령이 불행하셨습니다. 지금과... 심상정 <b>김동연</b> '줌 인'이 고른 오늘의 인물, 정의당 심상정 후보와 새로운물결 <b>김동연</b> 후보입니다. 두 후보... ",2022-02-08
96,군소후보들 얼굴알리기 '속앓이'..허경영·<b>김동연</b>·조원진 &quot;나도 뛴다&quot;,http://www.fnnews.com/news/202202091141276712,https://news.naver.com/main/read.naver?mode=LSD&mid=sec&sid1=100&oid=014&aid=0004785303,<b>김동연</b> 새로운물결·허경영 국가혁명당·조원진 우리공화당 후보는 현재의 선거판이나 선거운동 방식에 있어... <b>김동연</b> 후보는 '경제 전문가'로서의 합리적인 개혁과 전문성을 부각하고 있다. 그는 기획재정부 예산실장... ,2022-02-09
3,군소후보들 얼굴알리기 '속앓이'..허경영·<b>김동연</b>·조원진 &quot;나도 뛴다&quot;,http://www.fnnews.com/news/202202091141276712,https://news.naver.com/main/read.naver?mode=LSD&mid=sec&sid1=100&oid=014&aid=0004785303,<b>김동연</b> 새로운물결·허경영 국가혁명당·조원진 우리공화당 후보는 현재의 선거판이나 선거운동 방식에 있어... <b>김동연</b> 후보는 '경제 전문가'로서의 합리적인 개혁과 전문성을 부각하고 있다. 그는 기획재정부 예산실장... ,2022-02-09
29,"대선 후보 등록, 15일부터 공식 선거 운동 돌입",http://www.newsfc.co.kr/news/articleView.html?idxno=50367,http://www.newsfc.co.kr/news/articleView.html?idxno=50367,이재명 윤석열 심상정 안철수 <b>김동연</b> 후보는 첫날인 13일 모두 후보 등록을 한다. 15일부턴 공식 선거 운동에... 여야 단일화 후보군으로 점쳐졌던 안철수 후보와 <b>김동연</b> 후보도 일제히 후보 등록 첫날에 후보자 등록을... ,2022-02-13
41,"송영길, '통합정부' 매개로 안철수·<b>김동연</b>과 '교집합 찾기'",http://www.newstomato.com/ReadNews.aspx?no=1105444&inflow=N,http://www.newstomato.com/ReadNews.aspx?no=1105444&inflow=N,"뉴스토마토 = 장윤서 기자 | 송영길 민주당 대표가 안철수 국민의당 후보, <b>김동연</b> 새로운물결 후보에게... 사진/뉴시스 송 대표는 <b>김동연</b> 후보에 대해서도 러브콜을 이어갔다. 그는 &quot;김 후보가 지향하는 게 이 후보와... ",2022-02-11
59,‘당선 가능성’ 尹 50.8%…李 39.9%로 뒤이어 [코리아정보리서치],http://www.segye.com/content/html/2022/02/08/20220208502327.html?OutUrl=naver,https://news.naver.com/main/read.naver?mode=LSD&mid=sec&sid1=100&oid=022&aid=0003664636,"4%, <b>김동연</b> 새로운물결 대선 후보는 0.6%로 집계됐다. 외에 '모름'이라고 응답한 비율은 1.2%, '없음'과... 성별로는 남성은 윤석열 54.5%, 이재명 37.7%, 허경영 3.1%, 안철수 2.1%, 심상정 1.4%, <b>김동연</b> 0.4%를 선택했다.... ",2022-02-08
69,&quot;5% 파괴력 지닌 1%&quot; 이재명의 이유 있는 '<b>김동연</b> 바라기',https://ilyo.co.kr/?ac=article_view&entry_id=422513,https://ilyo.co.kr/?ac=article_view&entry_id=422513,이재명 더불어민주당 대선 후보의 연대 파트너로 거론되는 <b>김동연</b> 새로운물결 후보 얘기다. “판을 흔들 키맨이 될 수 있다.” 여의도 전략통들이 <b>김동연</b> 역할론에 베팅하는 근거는 ‘요동치는 판세’였다. 다수의... ,2022-02-10
92,"여당선 통합정부론…당내 “이, 안철수·<b>김동연</b> 겨냥한 것”",https://www.joongang.co.kr/article/25046246,https://news.naver.com/main/read.naver?mode=LSD&mid=sec&sid1=100&oid=025&aid=0003171694,당내에선 이 후보의 통합정부 구상이 안철수 후보와 <b>김동연</b> 새로운물결 후보를 겨냥한 것이란 해석이 유력하다. 다만 이렇다 할 물밑 논의가 진행되는 건 아니라고 한다. 강 본부장은 “최근 김 후보와의 양자토론에서... ,2022-02-08
35,장하성 등 '소주성 펀드' 논란…'<b>김동연</b> 패싱' 부메랑,http://www.shinailbo.co.kr/news/articleView.html?idxno=1515090,http://www.shinailbo.co.kr/news/articleView.html?idxno=1515090,'새로운물결'을 조직해 대선 후보로 뛰고 있는 <b>김동연</b> 전 경제부총리 이야기를 하지 않을 수 없다. 사사건건 '<b>김동연</b> 패싱' 상황을 겪던 와중에 2018년 6월경 김 후보(당시 부총리)는 문재인 대통령의 측근들과 세게... ,2022-02-10
36,[윤태곤의 판]&quot;윤-안 단일화? 골든타임은 일주일&quot;,https://www.nocutnews.co.kr/news/5703422,https://news.naver.com/main/read.naver?mode=LSD&mid=sec&sid1=100&oid=079&aid=0003606431,"<b>김동연</b> 후보 같은 경우에는 합할 가능성, 연대할 가능성. 혹은 종로로 나가는 방식, 지원하는 방식, 이런 거 가능합니까? ◆ 윤태곤&gt; 그러니까 이런 느낌도 있어요. <b>김동연</b> 후보하고의 뭔가 진척이 되려면 그때 우리 CBS에서... ",2022-02-09
46,송영길 &quot;적폐청산? 문재인 정부 권력의 핵심은 尹...수사는 적폐가족부터”,https://radio.ytn.co.kr/program/?f=2&id=81216&s_mcd=0214&s_hcd=01,https://radio.ytn.co.kr/program/?f=2&id=81216&s_mcd=0214&s_hcd=01,<b>김동연</b> 후보와의 단일화 <b>김동연</b> 후보 측은 그들의 희망사항일 뿐이다. 이런 얘기는 하는데 완주한다고 하는데 이건 어떻게 진행됩니까. ◆ 송영길: 두 분이 아마 계속 고민을 하실 거라고 보여집니다. <b>김동연</b> 후보께서도... ,2022-02-11
64,'대선 D-24' 막판 최대변수로 떠오른 '야권 단일화',http://www.jeonmae.co.kr/news/articleView.html?idxno=873250,http://www.jeonmae.co.kr/news/articleView.html?idxno=873250,"또한 이번 안 후보의 제안으로 이 후보가 새로운물결 <b>김동연</b> 후보와 연대할지도 또 다른 관심거리다.... 심상정,<b>김동연</b>,여론조사,대선지지율,대선지지도,이재명지지율,윤석열지지율,안철수지지율,심상정지지율... ",2022-02-13
68,"송영길 “<b>김동연</b> 큰 재산이 있는 것도 아니고, 안철수 주식 등 재산이 있다고...",http://www.munhwa.com/news/view.html?no=20220211MW103536386633,https://news.naver.com/main/read.naver?mode=LSD&mid=sec&sid1=100&oid=021&aid=0002502944,"타당 후보 두고 선거비용 때문에 완주하기 어렵다고 한 것은 결례라는 지적 송영길 더불어민주당 대표는 11일 “<b>김동연</b> (새로운물결) 후보는 큰 재산이 있는 것도 아니고, 안철수 (국민의당) 후보는 주식 등 재산이 있다고... ",2022-02-11
74,"“대선후 바로 분권형 개헌, 법으로 못박자”",https://www.chosun.com/politics/election2022/2022/02/08/LQLIIFM24JA6XNFUQKWLXZOFH4/?utm_source=naver&utm_medium=referral&utm_campaign=naver-news,https://news.naver.com/main/read.naver?mode=LSD&mid=sec&sid1=100&oid=023&aid=0003671133,"심상정·<b>김동연</b>만 참석 3월 대선 직후 분권형 개헌을 곧바로 추진할 수 있도록 ‘개헌 로드맵’을 법으로... 주최 측은 여야 대선 후보를 모두 초청했지만 정의당 심상정, 새로운 물결 <b>김동연</b> 후보만 참석했다. 토론... ",2022-02-08
6,"송영길 &quot;안철수, 모욕 받으며 윤석열과 단일화할 리 없어&quot;",http://www.sisaweek.com/news/articleView.html?idxno=150962,http://www.sisaweek.com/news/articleView.html?idxno=150962,송 대표는 11일 오전 YTN 라디오 '황보선의 출발새아침'에서 안 후보와 <b>김동연</b> 새로운물결 대선후보를 두고... 아울러 송 대표는 이날 <b>김동연</b> 후보와 이재명 후보의 단일화에 대해서는 &quot;두 분이 아마 계속 고민을 하실 거라고... ,2022-02-11
83,"주한미국상의 회장, <b>김동연</b> 만나 “R&amp;D 투자 유치, 한국정부 지원이 절대적”",https://www.etoday.co.kr/news/view/2104744,https://www.etoday.co.kr/news/view/2104744,이투데이=김벼리 기자 | 특별 간담회 개최 제임스 김 주한미국상공회의소(암참) 회장이 <b>김동연</b> '새로운물결... <b>김동연</b> 후보는 모두발언에서 주한미국기업에 대한 지원의 핵심은 ‘노동유연성 확보’라고 강조하며... ,2022-02-11
22,일양약품 3세 '정유석 시대' 오나...71세 노장 <b>김동연</b> 사장 자리 지킬까,http://www.opiniontimes.co.kr/news/articleView.html?idxno=83585,http://www.opiniontimes.co.kr/news/articleView.html?idxno=83585, <b>김동연</b> 사장 (우)정유석 부사장=일양약품 만 71세 노장 <b>김동연</b> 일양약품 사장이 주총서 6연임에 성공할 수 있을지 주목된다. 8일 제약업계에 따르면 일양약품이 배당을 확대했다. 결산배당으로 보통주 1주당 200원... ,2022-02-08
42,"[2022 대선 포토] 심상정-<b>김동연</b> 후보, 정치개혁 토론회 참석",https://www.ajunews.com/view/20220207225602585,https://www.ajunews.com/view/20220207225602585,정의당 심상정 대선 후보와 새로운물결 <b>김동연</b> 대선 후보가 7일 오후 국회 의원회관에서 열린 '대선후보 초청 정치개혁 및 개헌절차법 제정을 위한 토론회'에 참석해 있다.,2022-02-08
83,[다자대결] 윤석열 46.5% vs 이재명 35.6%...TV토론 尹 '판정승',http://www.newspim.com/news/view/20220207000284,http://www.newspim.com/news/view/20220207000284,"5%, <b>김동연</b> 새로운물결 대선 후보는 1.1%를 기록했다. 기타는 0.5%, 없음·모름은 3.2%로 나타났다. 지난달... 4%, <b>김동연</b> 1.3%, 심상정 0.5%를 선택했다. 여성은 윤석열 43.2%, 이재명 36.0%, 안철수 9.3%, 심상정 4.6... ",2022-02-08
85,"[여론조사] 윤석열, '당선 가능성' 50.8%로 1위...이재명 39.9%",http://www.newspim.com/news/view/20220207000520,http://www.newspim.com/news/view/20220207000520,"4%, <b>김동연</b> 새로운물결 대선 후보는 0.6%로 집계됐다. 외에 '모름'이라고 응답한 비율은 1.2%, '없음'과... 성별로는 남성은 윤석열 54.5%, 이재명 37.7%, 허경영 3.1%, 안철수 2.1%, 심상정 1.4%, <b>김동연</b> 0.4%를 선택했다.... ",2022-02-08
15,[다자대결] 윤석열 46.5% vs 이재명 35.6%...TV토론 尹 '판정승',http://www.newspim.com/news/view/20220207000284,http://www.newspim.com/news/view/20220207000284,"5%, <b>김동연</b> 새로운물결 대선 후보는 1.1%를 기록했다. 기타는 0.5%, 없음·모름은 3.2%로 나타났다. 지난달... 4%, <b>김동연</b> 1.3%, 심상정 0.5%를 선택했다. 여성은 윤석열 43.2%, 이재명 36.0%, 안철수 9.3%, 심상정 4.6... ",2022-02-08
16,"[여론조사] 윤석열, '당선 가능성' 50.8%로 1위...이재명 39.9%",http://www.newspim.com/news/view/20220207000520,http://www.newspim.com/news/view/20220207000520,"4%, <b>김동연</b> 새로운물결 대선 후보는 0.6%로 집계됐다. 외에 '모름'이라고 응답한 비율은 1.2%, '없음'과... 성별로는 남성은 윤석열 54.5%, 이재명 37.7%, 허경영 3.1%, 안철수 2.1%, 심상정 1.4%, <b>김동연</b> 0.4%를 선택했다.... ",2022-02-08
42,"후보는 많고, 공약은 비슷",http://www.ccreview.co.kr/news/articleView.html?idxno=313308,http://www.ccreview.co.kr/news/articleView.html?idxno=313308,새로운물결 <b>김동연</b> 후보는 네이버 블로그 '<b>김동연</b>'을 통해 내용을 알리고 있다. 이재명 후보는 아직까지 충북과 관련해서 확정된 공약을 내놓지 않았다. 이달 15일 전에 충북을 방문해서 관련 공약을 발표할 예정이다.... ,2022-02-09
83,[후보등록 신고] 재산…李 32억 尹 77억 沈 14억 安 1천979억(종합),http://yna.kr/AKR20220213067251001?did=1195m,https://news.naver.com/main/read.naver?mode=LSD&mid=sec&sid1=100&oid=001&aid=0012981612,"<b>김동연</b> 40억…허경영, 4·7 재보선 당시 72억에서 264억으로 급증 20대 대선 후보 등록 첫날인 13일 11명의... 새로운물결 <b>김동연</b> 후보는 총 40억5천354만4천원을 신고했다. 김 후보는 본인 명의의 서울 마포구... ",2022-02-13
1,"이재명 후보, 친노․친문 확보에 이낙연 잡았다",http://www.mhj21.com/148632,http://www.mhj21.com/148632,"민주당은 전세 반전을 위해 범여권 그랜드 슬램을 구상하면서 김종인, 안철수, <b>김동연</b>, 이상돈 등등 진영을... 민주당은 김종인, 안철수, <b>김동연</b>, 이상돈 등등 보수-진보 진영을 초월한 범 연립 정부의 애드벌룬을 띄우면서... ",2022-02-09
33,[정가 인사이드] '싫다는데 왜?'…단일화판에 깔린 여야 셈법은,http://www.newspim.com/news/view/20220208000732,http://www.newspim.com/news/view/20220208000732,안철수 국민의당 후보와 <b>김동연</b> 새로운물결 후보의 선긋기에도 아랑곳 하지 않는 모습이다. 더불어민주당은 <b>김동연</b> 후보 끌어오기에 힘을 쏟고 있다. 김 후보는 그간 여러차례 민주당과의 연대 가능성에 선을 그어왔다.... ,2022-02-08
71,"(정기여론조사)①대선 D-30, 윤석열 1위…정권교체 여론 53.9%(종합)",http://www.newstomato.com/ReadNews.aspx?no=1104452&inflow=N,http://www.newstomato.com/ReadNews.aspx?no=1104452&inflow=N,9%↓) <b>김동연</b> 0.7%(0.2%↓) [후보 비호감도] 이재명 40.5%(1.7%↓) 윤석열 40.3%(1.6%↑) 허경영 9.2%(0.9%↑) 심상정 4.0%(0.1%↓) 안철수 2.5%(0.2%↓) <b>김동연</b> 1.5%(0.5%↑) [TV토론 가장 잘한 후보] 윤석열 36.5% 이재명 31.2% 안철수 12.3... ,2022-02-08
13,"[그래픽뉴스] 이재명·윤석열, 6곳 중 5곳서 오차범위내 초박빙",http://www.jeonmae.co.kr/news/articleView.html?idxno=872667,http://www.jeonmae.co.kr/news/articleView.html?idxno=872667,"국민의당 안철수 후보는 2.3%포인트 하락한 8.3%, 정의당 심상정 후보 2.9%, 새로운물결 <b>김동연</b> 후보 0.3... 심상정,<b>김동연</b>,여론조사,대선지지율,대선지지도,이재명지지율,윤석열지지율,안철수지지율,심상정지지율... ",2022-02-08
22,"[선거운동 개막] 李·尹, 오늘 대선 후보 등록…安, 직접 신청",https://www.news1.kr/articles/?4582918,https://news.naver.com/main/read.naver?mode=LSD&mid=sec&sid1=100&oid=421&aid=0005900901,"안철수 국민의당 대선 후보와 심상정 정의당 대선 후보, <b>김동연</b> 새로운물결 대선 후보도 후보등록 첫날... 여야 단일화 후보군으로 점쳐졌던 안철수 후보와 <b>김동연</b> 후보도 일제히 후보 등록 첫날에 후보자 등록을... ",2022-02-13
